date_utc,timestamp,title,text,subreddit,comments,url
2023-11-06,1699302404,Ive been spotted,,funny,9,https://www.reddit.com/r/funny/comments/17pc59w/ive_been_spotted/
2023-11-06,1699299643,Balls,,funny,464,https://www.reddit.com/r/funny/comments/17pb2vr/balls/
2023-11-06,1699298333, Great start :),,funny,2,https://www.reddit.com/r/funny/comments/17pakk3/great_start/
2023-11-06,1699296867,I live with my landlord,,funny,125,https://www.reddit.com/r/funny/comments/17pa0ff/i_live_with_my_landlord/
2023-11-06,1699294217,"The magical duo of ""Ant &amp; Seb"" performing 'Mysterious Girl' on X-Factor.",,funny,2,https://www.reddit.com/r/funny/comments/17p8z8q/the_magical_duo_of_ant_seb_performing_mysterious/
2023-11-06,1699293983,Something to do with water ,,funny,35,https://www.reddit.com/r/funny/comments/17p8w1v/something_to_do_with_water/
2023-11-06,1699286274,Why,"&amp;#x200B;

[i was just looking for a figure not ptsd](https://preview.redd.it/li2q5ukg2ryb1.png?width=1191&amp;format=png&amp;auto=webp&amp;s=74fadcb05400e28b125663fecf61933fa7f7d6f7)",funny,0,https://www.reddit.com/r/funny/comments/17p5x7p/why/
2023-11-06,1699291662,Neo unsuspectingly becomes a topical ointment,,funny,12,https://www.reddit.com/r/funny/comments/17p7z9r/neo_unsuspectingly_becomes_a_topical_ointment/
2023-11-06,1699289872,Id dump all the candy bowl into their bags!,,funny,664,https://www.reddit.com/r/funny/comments/17p79vm/id_dump_all_the_candy_bowl_into_their_bags/
2023-11-06,1699289382,I think this snowman had too many eggnogs!,,funny,7,https://www.reddit.com/r/funny/comments/17p731h/i_think_this_snowman_had_too_many_eggnogs/
2023-11-06,1699289110,Welcome to Cat Talks ,,funny,139,https://www.reddit.com/r/funny/comments/17p6zer/welcome_to_cat_talks/
2023-11-06,1699283695,Broken Peach - Tainted Love cover,,funny,4,https://www.reddit.com/r/funny/comments/17p4z47/broken_peach_tainted_love_cover/
2023-11-06,1699284202,Nate Robinson running in Shaq's shoes.,,funny,9,https://www.reddit.com/r/funny/comments/17p55v7/nate_robinson_running_in_shaqs_shoes/
2023-11-06,1699280827,Road rage dude changed his mind,,funny,209,https://www.reddit.com/r/funny/comments/17p3x69/road_rage_dude_changed_his_mind/
2023-11-06,1699279001,"[OP] the perfect cactus doesnt exist, wait.",,funny,48,https://www.reddit.com/r/funny/comments/17p3a0f/op_the_perfect_cactus_doesnt_exist_wait/
2023-11-06,1699275857,Our cats can do 7 tricks. I made the mistake of holding the treat in my hand before trick 4,,funny,22,https://www.reddit.com/r/funny/comments/17p29jt/our_cats_can_do_7_tricks_i_made_the_mistake_of/
2023-11-06,1699272842,Mr. Mittens needs to chill ,,funny,110,https://www.reddit.com/r/funny/comments/17p1d2z/mr_mittens_needs_to_chill/
2023-11-06,1699251555,Elon taking advantage of Zuckerberg's injury to prove that he can beat him up.,,funny,73,https://www.reddit.com/r/funny/comments/17owgwt/elon_taking_advantage_of_zuckerbergs_injury_to/
2023-11-06,1699246360,Watch a group of Hot Wheels toy cars zoom down an empty waterslide,,funny,4,https://www.reddit.com/r/funny/comments/17ov57z/watch_a_group_of_hot_wheels_toy_cars_zoom_down_an/
2023-11-06,1699246186,A cop I saw the other night,,funny,17,https://www.reddit.com/r/funny/comments/17ov3iq/a_cop_i_saw_the_other_night/
2023-11-06,1699246095,Wait! Dont Cross!,,funny,4,https://www.reddit.com/r/funny/comments/17ov2no/wait_dont_cross/
2023-11-06,1699245399,We salute you (so come in already),,funny,27,https://www.reddit.com/r/funny/comments/17ouvpn/we_salute_you_so_come_in_already/
2023-11-06,1699243173,These Captcha questions are starting to get weird.,,funny,137,https://www.reddit.com/r/funny/comments/17ou9gx/these_captcha_questions_are_starting_to_get_weird/
2023-11-08,1699469628,"Ahh, students.",,funny,1,https://www.reddit.com/r/funny/comments/17qsnbr/ahh_students/
2023-11-08,1699469345,One star out of four? What kind of crazy architectural choice is this?,,funny,2,https://www.reddit.com/r/funny/comments/17qsjk4/one_star_out_of_four_what_kind_of_crazy/
2023-11-08,1699468574,toilet gang,,funny,7,https://www.reddit.com/r/funny/comments/17qs9c8/toilet_gang/
2023-11-08,1699468301,Asking mom for permission ,,funny,4,https://www.reddit.com/r/funny/comments/17qs5nc/asking_mom_for_permission/
2023-11-08,1699468227,Grandpa got no chill,,funny,1,https://www.reddit.com/r/funny/comments/17qs4ka/grandpa_got_no_chill/
2023-11-08,1699467996,Back from fishing ,,funny,2,https://www.reddit.com/r/funny/comments/17qs1c4/back_from_fishing/
2023-11-08,1699467801,Being a ghost is not easy ,,funny,2,https://www.reddit.com/r/funny/comments/17qrypj/being_a_ghost_is_not_easy/
2023-11-08,1699467715,There's a glitch in the system,,funny,10,https://www.reddit.com/r/funny/comments/17qrxk7/theres_a_glitch_in_the_system/
2023-11-08,1699465252,Newborn,,funny,3,https://www.reddit.com/r/funny/comments/17qr10o/newborn/
2023-11-08,1699463158,The Old Asteroid Defence System (OC),,funny,2,https://www.reddit.com/r/funny/comments/17qq8e2/the_old_asteroid_defence_system_oc/
2023-11-08,1699458787,And you always thought filtering was a good thing&,,funny,3,https://www.reddit.com/r/funny/comments/17qomiq/and_you_always_thought_filtering_was_a_good_thing/
2023-11-08,1699462342,Our niece left a vague and ominous message on our fridge,,funny,5,https://www.reddit.com/r/funny/comments/17qpxtm/our_niece_left_a_vague_and_ominous_message_on_our/
2023-11-08,1699461576,SAIL!,,funny,54,https://www.reddit.com/r/funny/comments/17qpnrb/sail/
2023-11-08,1699460927,New Parent Secrets,,funny,4,https://www.reddit.com/r/funny/comments/17qpf6f/new_parent_secrets/
2023-11-08,1699459551,People leaving their drug parafernalia on the ground for kids to see.,,funny,21,https://www.reddit.com/r/funny/comments/17qox0o/people_leaving_their_drug_parafernalia_on_the/
2023-11-08,1699459256,The Virgin Chicken on my window! Is this a sign?? Nuggies for lunch?,,funny,13,https://www.reddit.com/r/funny/comments/17qosws/the_virgin_chicken_on_my_window_is_this_a_sign/
2023-11-08,1699457954,My dog scooby refused to get up to go outside hes hilarious ,,funny,15,https://www.reddit.com/r/funny/comments/17qoba3/my_dog_scooby_refused_to_get_up_to_go_outside_hes/
2023-11-08,1699458179,Easy Question,,funny,4,https://www.reddit.com/r/funny/comments/17qoede/easy_question/
2023-11-08,1699457287,Almost drank the wrong one >Ã¨,,funny,12,https://www.reddit.com/r/funny/comments/17qo2ge/almost_drank_the_wrong_one/
2023-11-08,1699455547,Alugalug Cat X The Kiffness (Soulful Singing Cat Live Looping Remix),,funny,3,https://www.reddit.com/r/funny/comments/17qnfyj/alugalug_cat_x_the_kiffness_soulful_singing_cat/
2023-11-08,1699454999,Jason Statham Impression,,funny,28,https://www.reddit.com/r/funny/comments/17qn9ie/jason_statham_impression/
2023-11-08,1699453724,The truth is in the middle [OC],,funny,11,https://www.reddit.com/r/funny/comments/17qmtuw/the_truth_is_in_the_middle_oc/
2023-11-08,1699452909,I got so many questions&,,funny,71,https://www.reddit.com/r/funny/comments/17qmjvu/i_got_so_many_questions/
2023-11-08,1699452413,Da Duel oth Faiths,,funny,11,https://www.reddit.com/r/funny/comments/17qmdy0/da_duel_oth_faiths/
2023-11-08,1699451928,The smartest people go on Wheel of Fortune,,funny,21,https://www.reddit.com/r/funny/comments/17qm7xh/the_smartest_people_go_on_wheel_of_fortune/
2023-11-08,1699451849,Your hole is our goal,,funny,3,https://www.reddit.com/r/funny/comments/17qm71x/your_hole_is_our_goal/
2023-11-08,1699450841,"Every time I walk down the dairy aisle in Germany and see this, I laugh like Im 12 again.",,funny,150,https://www.reddit.com/r/funny/comments/17qlvss/every_time_i_walk_down_the_dairy_aisle_in_germany/
2023-11-08,1699450458,This product image on Amazon =,,funny,7,https://www.reddit.com/r/funny/comments/17qlred/this_product_image_on_amazon/
2023-11-08,1699450447,First snow fall obligatory post,,funny,5,https://www.reddit.com/r/funny/comments/17qlr8w/first_snow_fall_obligatory_post/
2023-11-08,1699450122,Just Missed It [OC],,funny,3,https://www.reddit.com/r/funny/comments/17qlndx/just_missed_it_oc/
2023-11-08,1699448189,Feelings,,funny,1,https://www.reddit.com/r/funny/comments/17ql1oi/feelings/
2023-11-08,1699448150,How to work a crowd,,funny,689,https://www.reddit.com/r/funny/comments/17ql19y/how_to_work_a_crowd/
2023-11-08,1699447948,Pyramid,,funny,8,https://www.reddit.com/r/funny/comments/17qkz6s/pyramid/
2023-11-08,1699446832,Thanks Anxiety-Rex,,funny,2,https://www.reddit.com/r/funny/comments/17qkniz/thanks_anxietyrex/
2023-11-08,1699444874,Just let him have this,,funny,8,https://www.reddit.com/r/funny/comments/17qk3wa/just_let_him_have_this/
2023-11-08,1699441321,Chez Cuckoo: The Week! [oc],,funny,3,https://www.reddit.com/r/funny/comments/17qj8dd/chez_cuckoo_the_week_oc/
2023-11-08,1699438282,I can't blame him for being flabbergasted lol,,funny,125,https://www.reddit.com/r/funny/comments/17qijbw/i_cant_blame_him_for_being_flabbergasted_lol/
2023-11-08,1699436818,Lovely,,funny,8,https://www.reddit.com/r/funny/comments/17qi7nj/lovely/
2023-11-08,1699431481,She was so invested =Â€,,funny,103,https://www.reddit.com/r/funny/comments/17qh2xo/she_was_so_invested/
2023-11-08,1699412225,Those cars didnt stand a chance,,funny,98,https://www.reddit.com/r/funny/comments/17qc4bs/those_cars_didnt_stand_a_chance/
2023-11-08,1699410278,I met a chick at the airport today who had some wild tattoos - this one was my favourite!,,funny,253,https://www.reddit.com/r/funny/comments/17qbh65/i_met_a_chick_at_the_airport_today_who_had_some/
2023-11-08,1699411371,Livin' with the 'rents,,funny,43,https://www.reddit.com/r/funny/comments/17qbuci/livin_with_the_rents/
2023-11-08,1699411047,Ticket violation my dad got,,funny,209,https://www.reddit.com/r/funny/comments/17qbqh9/ticket_violation_my_dad_got/
2023-11-08,1699407692,I thought she would just bark at it&.,,funny,41,https://www.reddit.com/r/funny/comments/17qalta/i_thought_she_would_just_bark_at_it/
2023-11-08,1699407398,Sign in the all gender bathroom at my office building,,funny,27,https://www.reddit.com/r/funny/comments/17qai7c/sign_in_the_all_gender_bathroom_at_my_office/
2023-11-08,1699404095,Noah's arc  by Adrian Bliss,,funny,300,https://www.reddit.com/r/funny/comments/17q9deq/noahs_arc_by_adrian_bliss/
2023-11-08,1699402963,Get Me Karl Pilkington,,funny,21,https://www.reddit.com/r/funny/comments/17q8yyc/get_me_karl_pilkington/
2023-11-07,1699399710,Spine in a Sack,,funny,32,https://www.reddit.com/r/funny/comments/17q7tk7/spine_in_a_sack/
2023-11-07,1699398894,The shelf labels don't inspire complete confidence in those medications.,,funny,15,https://www.reddit.com/r/funny/comments/17q7iyl/the_shelf_labels_dont_inspire_complete_confidence/
2023-11-07,1699398132,"Toyota is really advertising wherever they can, huh?",,funny,22,https://www.reddit.com/r/funny/comments/17q78no/toyota_is_really_advertising_wherever_they_can_huh/
2023-11-07,1699397779,If I could ask my late Father anything itd be Why was this my elementary school backpack?,,funny,271,https://www.reddit.com/r/funny/comments/17q73ni/if_i_could_ask_my_late_father_anything_itd_be_why/
2023-11-07,1699397435,I don't think I want to know...,,funny,78,https://www.reddit.com/r/funny/comments/17q6z4h/i_dont_think_i_want_to_know/
2023-11-07,1699396966,Winter is coming! Put Winter Air in your tires!,,funny,16,https://www.reddit.com/r/funny/comments/17q6sn8/winter_is_coming_put_winter_air_in_your_tires/
2023-11-07,1699396418,No more rides to Hel on bus 666 in Poland,,funny,8,https://www.reddit.com/r/funny/comments/17q6kr2/no_more_rides_to_hel_on_bus_666_in_poland/
2023-11-07,1699394066,"You've heard of the German band Kraftverk, but have you met their promiscuous cousin ?",,funny,33,https://www.reddit.com/r/funny/comments/17q5nfo/youve_heard_of_the_german_band_kraftverk_but_have/
2023-11-07,1699390693,"About a year ago I took this picture in the netherlands and didn't realize the first ""c"" wasn't visible on the sign on the left",,funny,87,https://www.reddit.com/r/funny/comments/17q4a56/about_a_year_ago_i_took_this_picture_in_the/
2023-11-07,1699389538,How to ruin a tattoo in 15 seconds with a ballpoint pen.,,funny,24,https://www.reddit.com/r/funny/comments/17q3umf/how_to_ruin_a_tattoo_in_15_seconds_with_a/
2023-11-07,1699389307,Guy in my city thinks he's got the new traffic cameras cracked,,funny,294,https://www.reddit.com/r/funny/comments/17q3r92/guy_in_my_city_thinks_hes_got_the_new_traffic/
2023-11-07,1699389165,The mic was in picture!,,funny,558,https://www.reddit.com/r/funny/comments/17q3pck/the_mic_was_in_picture/
2023-11-07,1699386649,They printed this onesie I ordered wrong,,funny,129,https://www.reddit.com/r/funny/comments/17q2qr8/they_printed_this_onesie_i_ordered_wrong/
2023-11-07,1699372428,Slappy loves partying,,funny,19,https://www.reddit.com/r/funny/comments/17pxcyt/slappy_loves_partying/
2023-11-07,1699386033,Test your airbag,,funny,16,https://www.reddit.com/r/funny/comments/17q2iek/test_your_airbag/
2023-11-07,1699382120,"Which sub-genre, specifically?",,funny,3,https://www.reddit.com/r/funny/comments/17q10f2/which_subgenre_specifically/
2023-11-07,1699380932,Cat experiences true regret,,funny,269,https://www.reddit.com/r/funny/comments/17q0k7c/cat_experiences_true_regret/
2023-11-07,1699377726,19th Century Protestant Morality Barbie,,funny,1,https://www.reddit.com/r/funny/comments/17pzc5k/19th_century_protestant_morality_barbie/
2023-11-07,1699377178,I just wanted a cute picture of my cat&,,funny,38,https://www.reddit.com/r/funny/comments/17pz4v8/i_just_wanted_a_cute_picture_of_my_cat/
2023-11-07,1699376439,Stoner gets ideas about Jupiter,,funny,43,https://www.reddit.com/r/funny/comments/17pyueb/stoner_gets_ideas_about_jupiter/
2023-11-07,1699374033,YEEHAW!,,funny,14,https://www.reddit.com/r/funny/comments/17pxybn/yeehaw/
2023-11-07,1699369011,Any time i have to use a public toilet I try to make it a little fancy for the next guy. [oc],,funny,156,https://www.reddit.com/r/funny/comments/17pw3kl/any_time_i_have_to_use_a_public_toilet_i_try_to/
2023-11-07,1699368180,Just a normal rainy day,,funny,60,https://www.reddit.com/r/funny/comments/17pvt58/just_a_normal_rainy_day/
2023-11-07,1699367907,== poor chiese guy ,,funny,10,https://www.reddit.com/r/funny/comments/17pvprd/poor_chiese_guy/
2023-11-07,1699366747,i still would have watched it if it had been this way,,funny,54,https://www.reddit.com/r/funny/comments/17pvaxz/i_still_would_have_watched_it_if_it_had_been_this/
2023-11-07,1699366530,Our complex was pumpkind late last night,,funny,34,https://www.reddit.com/r/funny/comments/17pv8d4/our_complex_was_pumpkind_late_last_night/
2023-11-07,1699366355,I think DoorDash might be going overboard with their fees,,funny,94,https://www.reddit.com/r/funny/comments/17pv68v/i_think_doordash_might_be_going_overboard_with/
2023-11-07,1699365998,Found this gem of a roof box on ali express,,funny,13,https://www.reddit.com/r/funny/comments/17pv1tc/found_this_gem_of_a_roof_box_on_ali_express/
2023-11-07,1699365303,This is supposed to be a kids' game! My wife and I were laughing a little too hard at some of these that our kids didn't understand.,,funny,42,https://www.reddit.com/r/funny/comments/17put6o/this_is_supposed_to_be_a_kids_game_my_wife_and_i/
2023-11-07,1699364431,Musical whipping,,funny,349,https://www.reddit.com/r/funny/comments/17puiv3/musical_whipping/
2023-11-07,1699363412,Thats one way of sending a message,,funny,1,https://www.reddit.com/r/funny/comments/17pu6t6/thats_one_way_of_sending_a_message/
2023-11-07,1699362494,Fifty shades of Santa,,funny,478,https://www.reddit.com/r/funny/comments/17ptwgo/fifty_shades_of_santa/
2023-11-07,1699361167,Kids at the playground,,funny,21,https://www.reddit.com/r/funny/comments/17pthub/kids_at_the_playground/
2023-11-07,1699356553,Amsterdam Weather (Basically a month of rain),,funny,16,https://www.reddit.com/r/funny/comments/17ps7ym/amsterdam_weather_basically_a_month_of_rain/
2023-11-07,1699342409,"""The sky is cloudy, yet the sun is beaming"" ",,funny,25,https://www.reddit.com/r/funny/comments/17pp1x8/the_sky_is_cloudy_yet_the_sun_is_beaming/
2023-11-07,1699334366,Recommended for all =9=9=9,,funny,12,https://www.reddit.com/r/funny/comments/17pn57t/recommended_for_all/
2023-11-07,1699323671,My wife discovered the commander of all the other toys,,funny,63,https://www.reddit.com/r/funny/comments/17pjzlw/my_wife_discovered_the_commander_of_all_the_other/
2023-11-07,1699323558,I know what I'm doin' for Christmas...,,funny,11,https://www.reddit.com/r/funny/comments/17pjy6t/i_know_what_im_doin_for_christmas/
2023-11-07,1699322619,Idk who this guy is but every night he walks by singing opera in the dark and it's hilarious watching my dog be intrigued,,funny,46,https://www.reddit.com/r/funny/comments/17pjn3k/idk_who_this_guy_is_but_every_night_he_walks_by/
2023-11-07,1699322001,Everyone's first introduction to Quantum Mechanics,,funny,77,https://www.reddit.com/r/funny/comments/17pjflw/everyones_first_introduction_to_quantum_mechanics/
2023-11-07,1699321746,"Its that time of year again, gentlemen.",,funny,102,https://www.reddit.com/r/funny/comments/17pjco8/its_that_time_of_year_again_gentlemen/
2023-11-07,1699321355,All sizes welcome,,funny,10,https://www.reddit.com/r/funny/comments/17pj835/all_sizes_welcome/
2023-11-07,1699319131,Mark Zuckerbird,,funny,13,https://www.reddit.com/r/funny/comments/17pihe3/mark_zuckerbird/
2023-11-07,1699316582,Didn't realize I own a giraffe,,funny,10,https://www.reddit.com/r/funny/comments/17phll5/didnt_realize_i_own_a_giraffe/
2023-11-07,1699316308,But I want allow my developer to do that,,funny,2,https://www.reddit.com/r/funny/comments/17phi2w/but_i_want_allow_my_developer_to_do_that/
2023-11-06,1699310300,Bonk,,funny,83,https://www.reddit.com/r/funny/comments/17pfb6h/bonk/
2023-11-06,1699307194,They knew& =,,funny,49,https://www.reddit.com/r/funny/comments/17pe2m1/they_knew/
2023-11-06,1699307054,Mr. Show - Blow Up the Moon,,funny,5,https://www.reddit.com/r/funny/comments/17pe0h8/mr_show_blow_up_the_moon/
2023-11-06,1699301576,Teams video fail,,funny,3,https://www.reddit.com/r/funny/comments/17pbttq/teams_video_fail/
2023-11-06,1699302740,Just paused ratatouille at the wrong moment,,funny,9,https://www.reddit.com/r/funny/comments/17pca1m/just_paused_ratatouille_at_the_wrong_moment/
2023-11-06,1699305416,"I was searching up kid logic (I came from a reddit post about people being dumb kids, bare with me) and I found this image and thought it too good to pass up.",,funny,25,https://www.reddit.com/r/funny/comments/17pdcg8/i_was_searching_up_kid_logic_i_came_from_a_reddit/
2023-11-06,1699303638,"1/3/1962, Astrodome groundbreaking. If you cant be bothered to bring a revolver, a least wear a damn hat!",,funny,152,https://www.reddit.com/r/funny/comments/17pcmcq/131962_astrodome_groundbreaking_if_you_cant_be/
2023-11-06,1699303503,Cure your fear of sonic deficiency with Bravura,,funny,2,https://www.reddit.com/r/funny/comments/17pckf0/cure_your_fear_of_sonic_deficiency_with_bravura/
